N	Type	Comparisons	Time
1000	Hybrid	13137	4.53333E-05
2000	Hybrid	28754	9.66667E-05
5000	Hybrid	86602	0.000266667
10000	Hybrid	184454	0.000545667
100000	Hybrid	2384260	0.006868333
1000000	Hybrid	23186725	0.084836333
10000000	Hybrid	281252328	1.013424667
1000	Merge	8719	8.96667E-05
2000	Merge	19437	0.000183333
5000	Merge	55244	0.000491333
10000	Merge	120330	0.001015667
100000	Merge	1536453	0.011283333
1000000	Merge	18674227	0.127134667
10000000	Merge	220105452	1.431673
